id,lambda_h,lambda_a,cs_h_p,cs_a_p
1,1.4036909,0.8170893,0.44171545,0.24568845
2,1.7367566,0.37438577,0.68771154,0.17609061
3,1.3295734,1.2356709,0.29063973,0.2645901
4,1.2216269,1.0292054,0.3572907,0.29475027
5,1.2027148,1.1901343,0.3041804,0.30037764
6,1.1785502,1.0932974,0.3351097,0.30772454
7,0.7655049,1.5337883,0.2157169,0.46509904
8,1.6583897,1.3049319,0.27119103,0.19044541
9,0.68487275,1.6422474,0.19354457,0.5041544
10,2.8323584,0.38093278,0.6832238,0.058873847
11,0.45970306,1.8531827,0.15673754,0.63147116
12,1.1820716,1.2381077,0.2899323,0.30664283
13,1.2498763,4.713493,0.00897338,0.28654027
14,2.2753327,0.52253425,0.5930158,0.102762714
15,1.1875693,0.9080206,0.40332177,0.30496165
16,1.6289552,2.5263062,0.07995381,0.19613437
17,1.5121123,0.9990802,0.36821797,0.22044384
18,0.947889,2.395577,0.09112009,0.3875583
19,1.3243352,1.1720765,0.30972314,0.26597974
20,1.6378841,1.2526973,0.28573304,0.19439092
21,0.5692918,2.4682457,0.084733374,0.56592613
22,1.3197379,1.1146324,0.32803586,0.2672053
23,0.7275867,0.96963334,0.37922207,0.48307338
24,1.8587884,0.8395958,0.43188506,0.15586136
25,2.3940563,1.3261585,0.26549518,0.09125875
26,0.8147601,1.3568163,0.25747922,0.44274554
27,0.810142,1.357729,0.25724432,0.4447949
28,1.2306211,1.571446,0.20774457,0.2921111
29,0.8537322,2.2912896,0.10113596,0.4258227
30,1.9714156,1.1985,0.30164632,0.13925958
31,1.8693085,1.1308846,0.32274762,0.15423027
32,2.6498744,0.54972816,0.57710665,0.070660084
33,2.1931837,0.9476201,0.3876625,0.11156101
34,0.8234545,0.85223776,0.42645952,0.4389128
35,1.5632199,1.7007464,0.18254721,0.20946054
36,1.6952966,1.838585,0.15904231,0.18354477
37,1.1422431,1.2559108,0.28481632,0.31910244
38,1.3861881,1.299122,0.27277118,0.25002658
39,2.5972342,1.3708194,0.2538988,0.07447928
40,1.5095546,1.1017811,0.33227873,0.22100839
41,1.2484413,1.1001186,0.3328316,0.28695172
42,1.0448062,1.6939522,0.18379171,0.35175994
43,0.81474787,2.4206924,0.088860065,0.44275096
44,0.6575793,1.2740747,0.27968964,0.518104
45,3.359101,2.0429194,0.12964967,0.0347665
46,2.321221,1.3318716,0.2639827,0.09815364
47,0.9047591,0.9155904,0.40028024,0.40463936
48,0.9125818,0.71210855,0.4906086,0.40148634
49,1.4175246,1.0116038,0.3636353,0.2423131
50,2.190254,1.5830053,0.20535702,0.11188832
51,2.6607122,1.2156143,0.2965278,0.06989842
52,1.2859703,1.9229854,0.14616992,0.2763823
53,1.80903,0.8914418,0.41006407,0.16381295
54,1.0217016,1.088064,0.33686805,0.35998186
55,1.4702187,0.8372316,0.43290734,0.22987519
56,1.0942725,1.7917539,0.1666676,0.33478308
57,1.8213158,1.1648811,0.31195977,0.16181271
58,1.5027002,1.0367411,0.3546084,0.22252847
59,1.4126996,1.0785711,0.34008113,0.2434851
60,1.6994311,1.6754848,0.18721738,0.1827875
61,1.1832962,1.2668359,0.2817216,0.30626756
62,1.8709282,1.282967,0.2772136,0.15398069
63,0.92731726,1.1190999,0.32657364,0.39561364
64,1.7099515,1.395444,0.24772303,0.18087454
65,1.9895817,1.9937499,0.1361838,0.1367526
66,1.0884812,0.60335743,0.5469721,0.33672753
67,1.4591407,1.2396597,0.28948274,0.23243593
68,2.0564024,0.95902216,0.3832675,0.12791333
69,2.037966,0.693263,0.49994212,0.13029344
70,1.8963861,1.5846206,0.20502558,0.15011013
71,2.7212138,1.2583023,0.28413597,0.06579485
72,1.2482272,1.2646008,0.282352,0.28701314
73,1.6158793,0.9352343,0.3924939,0.19871587
74,2.4191067,1.7325033,0.17684115,0.089001074
75,1.056724,1.3951445,0.24779725,0.34759268
76,1.0722089,0.80684406,0.44626424,0.3422517
77,1.7749251,1.3396659,0.26193315,0.16949615
78,2.3444397,0.6278016,0.53376395,0.095900916
79,1.3157713,2.05017,0.12871303,0.2682673
80,1.1139628,1.0160835,0.36200997,0.3282556
81,1.2886118,1.3062092,0.27084482,0.27565318
82,2.7002554,0.6035713,0.54685515,0.06718835
83,1.9193041,1.6225877,0.19738725,0.14670901
84,0.87001026,0.70001787,0.49657646,0.41894725
85,1.4357119,2.6917322,0.06776346,0.23794593
86,1.2634759,2.709886,0.066544384,0.28266978
87,0.95611274,1.3931006,0.24830422,0.38438416
88,1.0439725,1.4255799,0.24036902,0.3520534
89,1.8043486,2.5415618,0.078743316,0.16458163
90,1.2304624,3.7224808,0.024173923,0.29215744
91,2.056854,0.77771133,0.45945635,0.12785557
92,2.621054,0.73119444,0.4813337,0.072726175
93,1.4711967,1.3414851,0.26145706,0.22965053
94,2.1488957,0.43612924,0.64653414,0.11661285
95,2.8161087,0.6857026,0.50373614,0.05983834
96,2.0543163,0.5579161,0.5724007,0.12818044
97,1.9528385,2.2009883,0.11069371,0.1418708
98,1.781009,0.67178667,0.5107951,0.16846809
99,1.8793195,0.8687367,0.41948116,0.15269397
100,2.2056713,1.3363051,0.26281494,0.11017654
101,1.3435277,0.79090786,0.45343295,0.2609236
102,2.6661088,1.9723684,0.13912696,0.06952222
103,1.7667705,1.6033324,0.20122483,0.17088395
104,2.0878205,1.7121189,0.18048297,0.123957
105,1.1803509,1.4794265,0.22776827,0.30717093
106,2.7069197,3.2424734,0.03906715,0.06674208
107,1.7618842,1.1120924,0.32887015,0.171721
108,1.1110014,0.38803253,0.67839026,0.32922912
109,1.8574554,1.367022,0.2548648,0.15606926
110,1.3526613,1.1422647,0.31909552,0.25855127
111,1.2749323,1.5973996,0.2024222,0.27944988
112,1.442299,1.580677,0.20583569,0.23638369
113,1.8252206,0.8497358,0.42752787,0.16118209
114,1.3989365,1.1333008,0.32196873,0.24685936
115,1.7094429,1.1844726,0.30590752,0.18096657
116,0.98501766,1.9753844,0.13870798,0.3734326
117,1.4665029,1.4541855,0.23359056,0.23073097
118,1.158402,3.395271,0.033531465,0.31398752
119,0.523135,0.6755371,0.508883,0.59265965
120,1.1065189,2.3342733,0.09688085,0.3307082
121,1.8662647,5.3965335,0.0045322645,0.15470043
122,1.2266406,0.90459764,0.4047047,0.29327616
123,0.929345,0.70679677,0.49322155,0.3948122
124,1.5326675,1.2908664,0.2750324,0.21595882
125,2.5092287,0.8961705,0.4081296,0.08133095
126,1.0979328,0.5855778,0.5567841,0.3335599
127,1.4504151,0.8046605,0.44723976,0.23447292
128,1.1201048,0.9034235,0.4051802,0.32624564
129,0.7128662,2.1265557,0.11924732,0.49023706
130,1.5798258,1.7087816,0.1810863,0.20601098
131,1.4792842,1.5521718,0.21178752,0.2278007
132,0.39056438,3.8012457,0.022342922,0.6766749
133,1.731575,1.5808922,0.20579141,0.1770054
134,0.8838695,1.5352563,0.21540049,0.413181
135,1.1380632,2.4690664,0.08466387,0.32043904
136,1.1746445,1.6515975,0.19174334,0.3089288
137,1.2487566,0.6665899,0.5134565,0.28686124
138,1.3612819,1.0465127,0.3511602,0.25633198
139,2.887809,1.1075108,0.33038032,0.05569811
140,1.1457746,1.2313361,0.2919023,0.3179775
141,1.9986937,1.4957106,0.2240893,0.13551217
142,0.8500867,1.9428209,0.14329913,0.4273779
143,1.5358949,1.5762523,0.20674847,0.21526298
144,1.5831866,1.7163835,0.1797149,0.20531978
145,1.8648585,1.7515438,0.17350589,0.15491813
146,0.9415119,1.3710179,0.2538484,0.3900377
147,0.63488877,1.5087897,0.22117752,0.5299944
148,2.5594125,0.60255253,0.5474126,0.07735018
149,2.0850234,0.88722396,0.4117973,0.12430422
150,1.6492871,2.0092738,0.13408601,0.19218686
151,0.4159415,2.0275207,0.13166155,0.6597189
152,0.7613782,1.9717288,0.13921598,0.4670223
153,2.255936,1.4093877,0.24429283,0.104775436
154,1.8410698,1.6049259,0.20090444,0.15864761
155,1.209798,2.5366879,0.07912806,0.29825756
156,2.3054357,1.0785186,0.34009898,0.09971536
157,3.2317,0.60583025,0.5456213,0.03949031
158,0.9789588,1.2196301,0.2953394,0.37570205
159,0.5783589,1.213997,0.29700777,0.560818
160,2.9082856,1.2994958,0.27266923,0.054569203
161,1.1477879,1.295419,0.27378312,0.317338
162,1.4330951,1.1025286,0.33203045,0.23856938
163,0.97333366,1.1168665,0.3273038,0.3778214
164,4.0480886,0.924466,0.3967432,0.017455708
165,0.48495224,1.6938727,0.1838063,0.6157266
166,1.5880525,1.5530841,0.21159437,0.20432314
167,1.5655212,1.210371,0.29808664,0.20897906
168,0.75198,1.7155343,0.17986758,0.4714322
169,0.873832,1.6748741,0.18733177,0.41734922
170,3.4061804,0.8734135,0.41752392,0.033167645
171,1.8312026,1.1015251,0.3323638,0.16022076
172,1.4384645,1.972721,0.13907792,0.23729184
173,2.0725293,1.0337567,0.3556683,0.12586702
174,1.7290562,1.0624293,0.3456152,0.1774518
175,2.8588629,0.82694024,0.43738556,0.057333916
176,0.65436625,1.4025955,0.24595775,0.51977134
177,0.9994623,1.4085858,0.2444888,0.36807728
178,2.2281485,0.98595476,0.37308285,0.10772771
179,1.0848786,0.9482658,0.38741228,0.33794284
180,1.6073016,1.6769426,0.18694468,0.20042771
181,1.3847638,1.373877,0.25312367,0.25038293
182,1.1763787,1.0016329,0.3672792,0.30839348
183,1.2599742,0.9693723,0.37932107,0.28366134
184,0.9260114,1.7109677,0.18069084,0.39613056
185,1.7864704,1.2740697,0.27969104,0.1675505
186,2.4808729,1.7398157,0.17555276,0.08367016
187,0.8412492,1.9155458,0.14726144,0.43117154
188,1.7212603,1.2517736,0.28599712,0.1788406
189,2.46277,1.1412042,0.31943414,0.085198626
190,1.0254604,1.3514272,0.25887054,0.3586313
191,0.8562391,1.4303423,0.23922701,0.42475656
192,0.7212989,0.76472986,0.46545964,0.4861204
193,0.79551786,1.1939886,0.30301028,0.45134744
194,2.10006,0.42685664,0.6525571,0.12244909
195,1.047993,0.78391063,0.45661685,0.3506408
196,1.8419682,1.40604,0.24511202,0.15850516
197,0.7867225,1.2067776,0.29915977,0.45533475
198,0.9013645,1.2347381,0.29091096,0.40601525
199,1.4909328,1.7262425,0.1779518,0.2251625
200,0.93163204,1.4055767,0.2452256,0.3939103
201,0.62109774,0.94971716,0.38685042,0.53735423
202,1.1615398,1.110879,0.32926944,0.31300384
203,2.1843107,1.3038292,0.2714902,0.112555295
204,1.1623663,1.5904223,0.20383951,0.31274527
205,1.7649169,0.6670521,0.5132193,0.17120102
206,1.6837535,0.7738536,0.46123222,0.18567573
207,1.7316875,0.95563424,0.38456818,0.17698549
208,1.0566556,0.8915997,0.40999937,0.3476164
209,1.007957,0.70712495,0.49305975,0.36496383
210,0.9217336,2.2128932,0.10938371,0.3978288
211,1.6497979,1.058269,0.34705603,0.19208871
212,1.4346567,0.4683341,0.62604433,0.23819712
213,1.4680115,0.79284275,0.45255646,0.23038314
214,0.96548134,1.3197621,0.26719886,0.38079986
215,2.1639698,1.1439964,0.31854346,0.114868216
216,1.2188619,1.4604341,0.23213547,0.29556635
217,1.7835964,0.9918058,0.3709063,0.16803275
218,0.7575945,1.1475925,0.3174,0.4687927
219,1.9022508,1.7243912,0.17828155,0.14923237
220,0.7604524,0.93234986,0.39362767,0.4674549
221,3.8934205,1.437589,0.23749967,0.020375533
222,0.6048565,1.1752851,0.30873093,0.54615283
223,1.613386,0.955048,0.38479367,0.19921194
224,1.7772793,0.9379423,0.39143246,0.1690976
225,2.4437249,1.2067477,0.29916868,0.0868368
226,1.2213229,1.069929,0.34303287,0.29483986
227,1.4744127,0.8084615,0.44554302,0.22891313
228,3.462286,0.79962677,0.44949666,0.031357992
229,3.2266898,1.6126585,0.19935691,0.039688658
230,0.812447,0.68513197,0.50402373,0.44377083
231,0.6578236,1.4003862,0.24650176,0.5179774
232,2.9214425,1.0745655,0.34144607,0.053855944
233,1.241825,1.4643399,0.23123059,0.28885657
234,0.80630136,1.0904638,0.3360606,0.44650647
235,1.2297165,1.6655668,0.18908344,0.29237545
236,2.17715,0.9595924,0.38304898,0.11336415
237,1.8211443,1.4174254,0.24233712,0.16184044
238,1.3035111,0.7603394,0.46750775,0.27157658
239,1.7691755,1.3957448,0.24764852,0.17047349
240,1.4798241,1.2540311,0.2853522,0.22767775
241,3.1247222,0.863776,0.42156723,0.04394914
242,0.644687,1.7983629,0.16556972,0.52482677
243,1.3630836,0.7473829,0.47360438,0.25587055
244,1.4253325,0.64281076,0.5258124,0.2404285
245,1.4476613,1.2632211,0.2827418,0.23511952
246,2.9912837,1.7560157,0.17273171,0.050222926
247,1.145605,0.95065385,0.38648823,0.31803146
248,1.0658798,1.1996846,0.30128923,0.34442466
249,1.1366616,0.7455802,0.47445893,0.32088846
250,1.4809415,1.1796975,0.3073717,0.22742346
251,1.2798964,2.2727304,0.10303049,0.2780661
252,0.73567384,1.4197019,0.24178608,0.47918245
253,0.8569731,1.2885596,0.2756676,0.4244449
254,1.8582671,0.89999014,0.40657365,0.15594263
255,0.94160795,1.6193868,0.19802009,0.3900002
256,0.9408079,1.4318911,0.23885679,0.39031237
257,1.7159333,0.61365575,0.5413681,0.17979585
258,2.2380364,0.6388219,0.52791405,0.10666775
259,1.5035176,0.5541775,0.5745446,0.22234665
260,1.1668333,1.4652965,0.23100948,0.31135136
261,2.0927033,2.1494787,0.116544895,0.12335322
262,1.0307751,0.6477827,0.52320457,0.35673034
263,1.9694319,1.5401554,0.2143478,0.1395361
264,3.0876968,1.6231773,0.1972709,0.045606874
265,1.8288695,1.075567,0.3411043,0.16059503
266,0.5232297,1.5640856,0.20927928,0.5926035
267,1.0375932,0.80885357,0.44536832,0.35430637
268,1.2147808,0.6274541,0.53394943,0.29677507
269,0.62827325,1.0089983,0.364584,0.5335123
270,0.41953102,1.1774759,0.3080553,0.65735507
271,1.0015352,3.1542008,0.042672493,0.36731508
272,0.8030946,0.9611316,0.38245985,0.44794062
273,1.8736832,0.96192575,0.38215625,0.15355703
274,1.0385975,0.8156977,0.44233057,0.35395074
275,1.367326,0.84470075,0.42968592,0.25478736
276,1.5264602,0.76381785,0.4658844,0.21730351
277,1.7391021,0.91717696,0.3996457,0.17567806
278,0.86085284,1.9516556,0.1420387,0.42280138
279,1.1247321,0.80788743,0.4457988,0.32473946
280,1.4637762,1.1835161,0.3062002,0.23136094
281,0.8110409,1.3662795,0.25505415,0.44439527
282,1.1434261,1.036888,0.35455632,0.3187252
283,1.0517282,4.4407616,0.011786958,0.3493335
284,0.6409035,1.4524779,0.23398975,0.52681625
285,1.2390941,0.26645178,0.76609296,0.2896465
286,0.9350173,0.37282476,0.6887859,0.39257908
287,1.6295397,0.3313349,0.7179646,0.19601978
288,4.330697,0.35463893,0.7014266,0.013158372
289,1.3070143,1.0814334,0.33910906,0.27062684
290,1.3581425,0.58969164,0.55449826,0.25713795
291,1.3825504,1.1869506,0.30515042,0.25093776
292,1.8055633,2.330489,0.09724819,0.16438182
293,2.37644,0.541734,0.58173865,0.09288064
294,2.4135163,1.5471047,0.21286339,0.08950003
295,1.8550025,1.2105758,0.2980256,0.15645257
296,0.7197541,1.086266,0.33747426,0.48687196
297,1.7187003,2.7021682,0.06705995,0.17929904
298,0.7014075,0.6958676,0.49864167,0.49588683
299,1.5303884,1.2492931,0.2867074,0.21645157
300,0.71714205,2.0402265,0.12999927,0.48814535
301,1.2161345,0.4850377,0.615674,0.29637358
302,1.0730667,2.5390167,0.07894398,0.34195822
303,2.359761,0.52328634,0.59256995,0.09444279
304,1.7134161,1.0630705,0.34539363,0.18024899
305,0.63225424,0.4334873,0.6482445,0.5313925
306,0.6494239,0.35365292,0.70211864,0.5223466
307,1.4102589,0.8399094,0.43174964,0.24408008
308,1.5819666,0.312561,0.73157096,0.20557041
309,0.6707297,1.9644369,0.14023483,0.5113353
310,1.5346698,1.5778046,0.2064278,0.21552686
311,0.38031027,1.3157166,0.26828203,0.6836493
312,2.4652262,0.5692134,0.5659705,0.08498962
313,2.0753868,0.9732075,0.37786907,0.12550788
314,1.8243585,1.5527458,0.21166597,0.1613211
315,1.0179337,1.2408189,0.28914735,0.3613408
316,1.01859,1.5103889,0.2208241,0.36110374
317,1.2080836,2.0547318,0.12812719,0.2987693
318,1.620101,1.1957102,0.30248904,0.19787873
319,1.8007277,1.261281,0.2832909,0.16517864
320,0.7068323,0.6864464,0.50336164,0.49320403
321,1.191068,1.1473625,0.317473,0.30389652
322,1.2787519,0.9830717,0.37416002,0.27838457
323,2.057685,1.0700136,0.3430038,0.12774938
324,1.7277094,1.2460461,0.28763986,0.17769095
325,1.2562687,1.1750035,0.3088179,0.28471437
326,1.7176956,1.7123034,0.18044965,0.17947926
327,3.1189036,0.74194026,0.47618908,0.044205606
328,0.8202265,0.99506897,0.36969793,0.44033194
329,1.4540827,0.8120272,0.44395715,0.23361456
330,1.8936834,1.3912816,0.2487563,0.15051636
331,1.1722862,1.8379611,0.15914157,0.3096582
332,1.4935169,0.8285326,0.43668965,0.22458144
333,1.9386894,0.908761,0.40302324,0.14389242
334,1.5122399,1.6366152,0.19463773,0.22041573
335,1.7909678,0.62002903,0.5379289,0.16679867
336,1.7203377,0.81792146,0.44134805,0.17900567
337,1.9424683,1.0244658,0.3589882,0.14334968
338,1.8416679,0.9900228,0.3715682,0.15855275
339,1.4983599,1.268659,0.2812085,0.2234964
340,2.0445065,0.84512925,0.42950183,0.12944405
341,0.96364576,0.9576631,0.3837887,0.3814995
342,0.7231595,1.150855,0.3163662,0.48521677
343,0.904456,2.1141114,0.12074052,0.40476197
344,1.6517528,1.0817131,0.3390143,0.19171357
345,1.6821,1.0362172,0.35479426,0.18598299
346,2.0189536,1.8151162,0.162819,0.13279435
347,2.0945625,0.67012244,0.5116459,0.1231241
348,1.6540828,0.57675,0.56172097,0.1912674
349,0.97234774,1.2592657,0.2838624,0.37819406
350,1.3161129,1.2763557,0.27905238,0.26817572
351,1.4114238,0.99231917,0.37071595,0.24379592
352,1.1549745,1.2730888,0.27996552,0.31506562
353,1.9668456,0.977056,0.37641764,0.13989745
354,1.2729192,0.94598275,0.38829777,0.28001302
355,2.1787448,0.9317712,0.39385545,0.11318352
356,1.863571,1.5218519,0.21830724,0.1551177
357,2.0559213,1.4074745,0.24476065,0.12797488
358,1.6500337,0.6686413,0.51240426,0.19204342
359,1.4962534,0.51524234,0.59735584,0.22396772
360,1.0660276,0.8372098,0.43291673,0.34437376
361,1.8902524,1.8389475,0.15898466,0.15103368
362,0.93403393,1.4575906,0.2327965,0.3929653
363,2.1428018,0.9519326,0.38599432,0.11732567
364,0.5236206,1.8161774,0.16264631,0.59237194
365,1.742566,0.70520574,0.49400696,0.17507058
366,2.135052,0.6139097,0.5412307,0.11823844
367,1.5932895,1.5732217,0.20737602,0.2032559
368,1.1787624,1.1339142,0.3217713,0.30765924
369,2.12347,0.5654537,0.56810236,0.11961584
370,1.5362353,1.5082499,0.22129695,0.21518968
371,2.4995074,1.0073973,0.36516818,0.08212545
372,1.3862152,1.0358871,0.3549114,0.2500198
373,1.5548599,1.4868406,0.22608581,0.21121897
374,1.6264771,1.077186,0.3405525,0.19662103
375,2.6729457,1.3255639,0.2656531,0.06904853
376,1.2199292,1.534886,0.21548025,0.29525107
377,2.411619,0.5514665,0.5761043,0.08967
378,2.9619308,0.97086096,0.37875676,0.05171896
379,1.807875,1.3723488,0.25351083,0.16400227
380,1.2982366,0.8988954,0.407019,0.2730128
381,2.448883,1.2448895,0.28797275,0.086390026
382,2.3379343,0.5258996,0.59102345,0.09652683
383,0.44394735,1.7228887,0.17854962,0.64149916
384,1.7279446,1.4524392,0.23399882,0.17764917
385,2.0456688,0.9025796,0.4055222,0.12929368
386,1.3296031,0.5412868,0.5819988,0.26458228
387,1.2226244,1.2056347,0.29950184,0.2944564
388,0.6554282,1.9045451,0.14889036,0.5192197
389,1.7244506,1.209282,0.29841146,0.17827097
390,1.2391506,1.6249237,0.19692671,0.28963014
391,2.53727,0.7513114,0.4717475,0.079082
392,1.2606091,1.34017,0.26180118,0.2834813
393,2.3785968,0.9788072,0.37575904,0.092680536
394,2.4216394,1.3152428,0.26840916,0.08877595
395,2.0007966,1.7175833,0.1794994,0.13522753
396,1.161333,1.9402341,0.14367032,0.3130686
397,1.3473753,1.6855557,0.1853414,0.25992158
398,1.6095877,1.3699957,0.25410804,0.19997004
399,1.360939,0.48936108,0.6130179,0.2564199
400,1.0790951,1.3841442,0.2505381,0.33990294
401,0.729435,1.9067131,0.14856791,0.48218137
402,1.1953002,0.9391084,0.39097625,0.3026131
403,1.1264266,0.97924703,0.37559378,0.32418966
404,2.1094592,3.5766947,0.027967988,0.12130356
405,1.7638805,1.2275844,0.2929995,0.17137855
406,1.9500538,0.4023074,0.66877514,0.14226641
407,1.7180986,2.1483874,0.11667214,0.17940693
408,0.50240326,1.4030868,0.24583694,0.60507476
409,0.6876533,1.4537892,0.23368314,0.5027545
410,1.9221195,1.5091009,0.22110868,0.14629656
411,1.5329263,0.723573,0.4850162,0.21590294
412,1.388857,1.1217902,0.32569623,0.24936017
413,1.3213152,0.9853273,0.373317,0.2667842
414,0.9429318,1.2079772,0.2988011,0.38948432
415,1.5933989,1.2396237,0.28949314,0.20323366
416,2.1012535,0.37916982,0.6844294,0.12230303
417,1.9916489,0.8371267,0.43295276,0.13647021
418,1.6839819,1.0655221,0.34454796,0.18563333
419,1.9814115,1.9430264,0.1432697,0.1378745
420,1.4082108,1.1277913,0.32374755,0.24458052
421,1.0844262,1.6369987,0.1945631,0.33809572
422,0.93897825,3.3104866,0.036498412,0.39102715
423,1.6525829,1.036862,0.35456553,0.1915545
424,2.0808716,0.6053756,0.5458694,0.12482137
425,1.445253,1.6503403,0.19198456,0.23568645
426,1.9746473,0.8313154,0.43547606,0.13881026
427,0.9187309,2.2233434,0.108246595,0.3990251
428,1.9363872,0.76140994,0.46700752,0.14422408
429,1.1168497,0.8992271,0.40688404,0.3273093
430,1.5571691,2.457737,0.08562852,0.21073179
431,1.4163549,0.8244768,0.43846437,0.2425967
432,2.7454762,2.3740933,0.093098864,0.06421771
433,1.7324985,1.6809604,0.18619506,0.17684199
434,1.4970449,0.9447209,0.38878804,0.2237905
435,1.2369554,0.47237557,0.6235193,0.29026663
436,1.9425446,0.4549962,0.63445044,0.14333874
437,0.45272106,1.7539324,0.17309195,0.63589555
438,1.1617402,1.4711361,0.22966442,0.31294116
439,0.93191123,1.4750159,0.2287751,0.39380035
440,2.2199626,1.3769218,0.25235417,0.10861317
441,1.6717561,1.0452838,0.35159203,0.18791676
442,1.1571078,1.2547504,0.285147,0.31439415
443,1.340082,0.789363,0.45413393,0.26182416
444,0.9595471,1.6653446,0.18912546,0.3830663
445,1.9788907,0.8571272,0.42437947,0.13822249
446,2.5170674,1.2329012,0.29144582,0.08069591
447,0.67346513,0.97295344,0.37796506,0.50993854
448,1.5676409,0.9806368,0.3750722,0.20853657
449,0.6401914,1.5274255,0.21709384,0.5271915
450,1.4144729,1.7414058,0.17527382,0.24305367
451,0.9683844,1.0572141,0.34742233,0.37969598
452,1.1345466,1.257924,0.28424352,0.3215679
453,1.0749868,1.6981903,0.18301441,0.34130225
454,1.7002064,1.3183645,0.26757255,0.18264581
455,0.95718217,1.3921213,0.2485475,0.38397333
456,1.5275217,1.5197326,0.21877037,0.21707296
457,2.8932083,1.0743812,0.341509,0.0553982
458,1.5828046,0.74739724,0.47359762,0.20539823
459,1.644785,1.2610354,0.28336048,0.19305405
460,1.154817,0.5873203,0.5558147,0.3151152
461,1.009649,0.8234944,0.43889531,0.36434677
462,0.51626235,0.83820397,0.4324866,0.5967468
463,2.1144958,1.1722333,0.30967456,0.12069413
464,1.5045489,0.6158445,0.54018456,0.22211745
465,2.1918905,0.97183186,0.37838924,0.11170538
466,1.808093,2.6481774,0.0707801,0.16396654
467,1.241659,1.2314003,0.29188356,0.28890452
468,1.4494296,1.7955382,0.16603808,0.23470412
469,2.0612466,0.9477244,0.38762212,0.12729518
470,1.4493996,0.9372993,0.39168426,0.23471117
471,1.547982,1.7777117,0.16902448,0.21267673
472,1.7081509,0.8179822,0.44132128,0.18120053
473,1.0122873,1.7339987,0.17657693,0.36338687
474,1.9470997,1.7873133,0.16740935,0.14268732
475,1.9410683,0.57769775,0.5611889,0.14355052
476,0.9556882,0.9255211,0.3963248,0.38454738
477,1.1345083,0.98042774,0.37515056,0.32158023
478,1.6915655,1.2247034,0.29384485,0.18423088
479,1.5703211,0.8370105,0.43300304,0.2079784
480,1.3600695,1.8879589,0.15138048,0.25664294
481,2.969758,1.961101,0.14070341,0.05131573
482,1.2484906,0.6731069,0.51012117,0.2869376
483,1.7654852,0.7477491,0.47343102,0.17110375
484,1.9397814,0.7792354,0.45875666,0.14373536
485,1.0912917,0.8838607,0.41318467,0.3357825
486,1.5069149,0.839996,0.43171227,0.22159256
487,1.5147486,1.1584237,0.31398073,0.21986346
488,1.3738827,1.2218227,0.29469252,0.25312227
489,0.64414245,1.1976317,0.3019084,0.5251127
490,0.70142484,0.8614366,0.42255458,0.49587822
491,1.1996983,0.9986498,0.36837646,0.3012851
492,1.3234869,1.1967195,0.3021839,0.26620543
493,2.2885368,1.2499464,0.28652015,0.10141474
494,1.3401407,2.0463018,0.12921187,0.2618088
495,1.4768361,1.3614168,0.2562974,0.22835904
496,1.5624404,0.362569,0.6958863,0.20962387
497,1.9343129,1.9207785,0.14649287,0.14452353
498,1.2932981,1.630325,0.19586591,0.2743644
499,1.226228,1.9341941,0.14454071,0.2933972
500,1.1336652,1.3715074,0.25372422,0.32185143
501,1.8267102,1.7994217,0.16539451,0.16094217
502,1.1922699,1.0351106,0.3551871,0.30353147
503,1.474235,1.4106194,0.24399213,0.2289538
504,0.7470138,2.2628124,0.104057424,0.47377926
505,0.70894504,1.3404405,0.26173037,0.49216315
506,2.378564,1.4103452,0.24405903,0.09268358
507,2.4559906,1.1616201,0.31297868,0.085778184
508,1.2528287,0.94161165,0.3899988,0.2856955
509,2.3641152,1.3725821,0.25345168,0.09403246
510,1.2487143,1.2109219,0.2979225,0.2868734
511,1.6992137,1.5472668,0.21282889,0.1828272
512,2.094385,0.7183243,0.48756862,0.12314596
513,1.9949751,1.092058,0.3355253,0.13601704
514,1.7518737,0.7250219,0.48431394,0.17344864
515,1.427307,1.0678682,0.34374052,0.23995425
516,2.351054,0.50067466,0.6061216,0.0952687
517,0.47862184,1.6979256,0.18306287,0.6196368
518,1.1433418,1.450659,0.23441577,0.31875205
519,1.0760279,2.354131,0.094976,0.34094715
520,1.7694398,1.8135765,0.16306989,0.17042843
521,1.2669258,1.1833631,0.30624706,0.28169626
522,1.5879627,1.4396137,0.2370193,0.20434147
523,1.5327203,1.521592,0.21836396,0.2159474
524,1.2306958,1.2865978,0.2762089,0.29208925
525,1.1056595,1.4435513,0.23608784,0.33099255
526,1.0813061,1.2420115,0.2888027,0.33915228
527,1.3131272,0.7966435,0.45083967,0.2689776
528,1.9761658,0.7235238,0.48504004,0.13859963
529,0.8237105,0.48482558,0.61580455,0.43880045
530,1.7129772,1.3590928,0.25689372,0.18032812
531,0.8938213,1.2022289,0.3005236,0.40908954
532,1.0810022,1.3036934,0.27152708,0.33925536
533,1.316421,1.5061847,0.22175442,0.26809308
534,1.4117627,0.8124399,0.44377398,0.2437133
535,1.0512851,1.5569417,0.2107797,0.34948832
536,1.4074541,1.0266392,0.35820878,0.24476562
537,0.7055692,0.8155696,0.44238728,0.4938274
538,1.6595596,0.88780904,0.41155645,0.19022273
539,1.4880264,0.41600922,0.6596742,0.22581789
540,0.9136237,1.2213664,0.29482704,0.40106824
541,1.2272018,1.9802294,0.13803758,0.29311162
542,0.92096007,2.6244078,0.072482675,0.39813662
543,0.94469553,1.3338119,0.263471,0.38879794
544,1.5317738,1.009566,0.36437708,0.21615192
545,1.1432271,1.2072661,0.2990136,0.3187886
546,1.6223212,2.4996696,0.08211213,0.19743985
547,3.213201,1.2190552,0.29550922,0.040227637
548,1.6026452,1.6391196,0.1941509,0.20136316
549,0.6384933,1.2636193,0.28262925,0.5280875
550,1.604823,1.1788969,0.30761787,0.20092513
551,1.4359637,1.3018796,0.27202,0.237886
552,1.7889903,1.0617315,0.34585646,0.16712885
553,1.8082176,0.89528507,0.40849116,0.16394609
554,0.77622986,0.85056716,0.42717257,0.46013752
555,1.8293505,0.6054834,0.5458105,0.16051778
556,0.80982345,0.96515346,0.38092473,0.4449366
557,1.2540139,1.1125041,0.32873476,0.28535712
558,1.3741655,3.0802379,0.04594833,0.25305066
559,0.7541814,1.3399231,0.2618658,0.47039554
560,0.8307639,1.042972,0.3524058,0.43571633
561,1.9022876,1.2491754,0.2867411,0.14922686
562,1.7637587,1.5632265,0.20945917,0.17139941
563,0.8591818,2.0430276,0.12963562,0.42350844
564,0.5001341,0.94116443,0.39017326,0.6064493
565,0.66467535,1.2995807,0.27264607,0.5144405
566,1.8452355,0.59036356,0.5541258,0.15798813
567,0.8668373,0.91656566,0.39989,0.42027867
568,0.969364,1.1150551,0.32789722,0.3793242
569,1.0540155,1.031875,0.35633817,0.3485354
570,2.3104002,1.2138577,0.29704916,0.099221535
571,0.7251836,1.0624684,0.34560165,0.48423564
572,1.8038195,0.9687774,0.37954676,0.16466872
573,1.8972821,1.2945322,0.27402604,0.14997569
574,1.2657208,1.43088,0.23909844,0.28203595
575,1.513674,1.1132369,0.32849395,0.22009985
576,2.2892056,0.9818043,0.37463453,0.10134695
577,1.6688834,1.0268226,0.35814312,0.18845737
578,0.6794008,0.7890654,0.45426914,0.5069207
579,1.45466,1.2017027,0.3006818,0.23347971
580,1.610229,0.7765976,0.45996836,0.19984184
581,0.63178945,1.7999109,0.16531362,0.5316396
582,3.3744256,0.42963645,0.6507456,0.03423778
583,1.5761071,1.0970193,0.33386478,0.2067785
584,1.7515476,1.2271042,0.29314023,0.17350522
585,0.40610325,1.7731295,0.16980077,0.6662414
586,1.7336668,0.7360811,0.47898734,0.17663555
587,1.5923461,1.0898864,0.33625472,0.20344776
588,1.1688441,1.1487428,0.31703508,0.3107259
589,1.2577454,0.89332056,0.4092944,0.28429428
590,0.70596105,2.028885,0.13148206,0.49363396
591,1.3999723,1.2575375,0.2843534,0.2466038
592,1.4542153,0.92487264,0.39658192,0.23358357
593,2.483209,0.5796173,0.56011266,0.083474934
594,1.1739125,1.0745512,0.34145096,0.309155
595,1.1626827,1.4343358,0.23827358,0.31264636
596,0.9142558,1.1682075,0.31092376,0.4008148
597,2.0709496,1.2664338,0.2818349,0.12606601
598,1.1249843,1.4299846,0.23931263,0.3246576
599,2.8517294,0.90742826,0.40356076,0.05774437
600,1.3500224,1.0066174,0.36545303,0.25923443
601,1.3622009,0.90605205,0.4041165,0.25609654
602,1.772622,0.8752073,0.4167756,0.16988698
603,1.7715032,1.1820736,0.30664223,0.17007715
604,0.5740928,1.3240988,0.2660426,0.56321555
605,0.74178886,1.7331839,0.17672086,0.47626117
606,0.9284206,1.0333987,0.35579562,0.3951774
607,1.874242,1.1462508,0.31782612,0.15347126
608,1.4708663,0.95580333,0.38450313,0.22972637
609,0.5903575,1.7430772,0.17498113,0.5541292
610,1.8043002,0.5765627,0.5618262,0.1645896
611,1.782107,1.0985729,0.3333465,0.16828321
612,2.2357194,0.79001683,0.4538372,0.106915176
613,2.4538076,1.1704234,0.31023556,0.08596563
614,1.7190291,1.2370545,0.29023787,0.1792401
615,1.1983415,1.4254658,0.24039645,0.30169415
616,2.1442223,0.6394972,0.52755755,0.11715912
617,1.9555082,1.1332151,0.32199633,0.14149255
618,2.3530192,1.3673943,0.25476995,0.09508165
619,1.5901877,1.21197,0.29761043,0.20388734
620,1.1287336,1.5611428,0.20989606,0.32344258
621,1.14678,2.1684742,0.114351965,0.31765798
622,1.3533006,0.95573336,0.38453004,0.25838602
623,2.2230563,0.6482321,0.52296954,0.10827767
624,0.82313114,1.3614103,0.25629908,0.43905476
625,0.68022585,1.1928113,0.30336723,0.5065026
626,1.9345596,0.53815997,0.58382154,0.14448789
627,1.0300026,1.6620324,0.18975295,0.35700598
628,1.4684887,1.2047322,0.29977226,0.23027323
629,1.6347951,0.87955856,0.41496605,0.19499232
630,0.80759776,1.175392,0.3086979,0.44592804
631,0.98637384,1.19265,0.30341616,0.3729265
632,2.243217,0.5881218,0.55536944,0.106116585
633,1.8794664,1.3834672,0.2507078,0.15267155
634,1.908532,1.0218146,0.3599412,0.14829792
635,1.767506,1.3061042,0.27087325,0.17075834
636,1.1427641,2.2790148,0.10238502,0.31893626
637,1.0897287,0.9811175,0.37489194,0.33630773
638,1.1481088,1.1945344,0.30284494,0.31723613
639,1.979874,1.130814,0.32277045,0.13808663
640,1.7982541,0.42292356,0.65512866,0.16558774
641,0.98131573,1.4063016,0.24504788,0.37481758
642,1.5899832,1.1151466,0.3278672,0.20392904
643,1.0653177,1.7581302,0.17236686,0.34461835
644,1.2997946,0.86578584,0.4207208,0.27258778
645,1.1438711,1.8180797,0.1623372,0.31858337
646,1.2022252,0.81337494,0.44335923,0.30052474
647,1.3201,1.0678523,0.343746,0.2671086
648,1.9080373,1.2566762,0.2845984,0.14837131
649,0.93701166,1.8054178,0.16440576,0.3917969
650,1.5123342,1.2995759,0.27264738,0.22039492
651,1.4320365,0.6222792,0.53671974,0.23882207
652,1.7023817,1.0135149,0.36294103,0.18224894
